{
    "metrics/precision(B)": 0.9699881794020371,
    "metrics/recall(B)": 0.27934040127525767,
    "metrics/mAP50(B)": 0.6200632183908047,
    "metrics/mAP50-95(B)": 0.6008504551192612,
    "metrics/precision(M)": 0.9699881794020371,
    "metrics/recall(M)": 0.27934040127525767,
    "metrics/mAP50(M)": 0.6200632183908047,
    "metrics/mAP50-95(M)": 0.5548076526011138,
    "fitness": 1.1641049406264985
}