{
    "metrics/precision(B)": 0.9908101748516133,
    "metrics/recall(B)": 0.15,
    "metrics/mAP50(B)": 0.665340909090909,
    "metrics/mAP50-95(B)": 0.6327505968379445,
    "metrics/precision(M)": 0.9908101748516133,
    "metrics/recall(M)": 0.15,
    "metrics/mAP50(M)": 0.665340909090909,
    "metrics/mAP50-95(M)": 0.6071059250523768,
    "fitness": 1.248939051519471
}